N,psl_thr_db,acceptance
3.100000000000000000e+01,-3.000000000000000000e+01,0.000000000000000000e+00
3.100000000000000000e+01,-2.950000000000000000e+01,0.000000000000000000e+00
3.100000000000000000e+01,-2.900000000000000000e+01,0.000000000000000000e+00
3.100000000000000000e+01,-2.850000000000000000e+01,0.000000000000000000e+00
3.100000000000000000e+01,-2.800000000000000000e+01,0.000000000000000000e+00
3.100000000000000000e+01,-2.750000000000000000e+01,0.000000000000000000e+00
3.100000000000000000e+01,-2.700000000000000000e+01,0.000000000000000000e+00
3.100000000000000000e+01,-2.650000000000000000e+01,0.000000000000000000e+00
3.100000000000000000e+01,-2.600000000000000000e+01,0.000000000000000000e+00
3.100000000000000000e+01,-2.550000000000000000e+01,0.000000000000000000e+00
3.100000000000000000e+01,-2.500000000000000000e+01,0.000000000000000000e+00
3.100000000000000000e+01,-2.450000000000000000e+01,0.000000000000000000e+00
3.100000000000000000e+01,-2.400000000000000000e+01,0.000000000000000000e+00
3.100000000000000000e+01,-2.350000000000000000e+01,0.000000000000000000e+00
3.100000000000000000e+01,-2.300000000000000000e+01,0.000000000000000000e+00
3.100000000000000000e+01,-2.250000000000000000e+01,0.000000000000000000e+00
3.100000000000000000e+01,-2.200000000000000000e+01,0.000000000000000000e+00
3.100000000000000000e+01,-2.150000000000000000e+01,0.000000000000000000e+00
3.100000000000000000e+01,-2.100000000000000000e+01,0.000000000000000000e+00
3.100000000000000000e+01,-2.050000000000000000e+01,0.000000000000000000e+00
3.100000000000000000e+01,-2.000000000000000000e+01,0.000000000000000000e+00
3.100000000000000000e+01,-1.950000000000000000e+01,0.000000000000000000e+00
3.100000000000000000e+01,-1.900000000000000000e+01,0.000000000000000000e+00
3.100000000000000000e+01,-1.850000000000000000e+01,0.000000000000000000e+00
3.100000000000000000e+01,-1.800000000000000000e+01,1.000000000000000082e-05
3.100000000000000000e+01,-1.750000000000000000e+01,2.000000000000000164e-05
3.100000000000000000e+01,-1.700000000000000000e+01,8.000000000000000654e-05
3.100000000000000000e+01,-1.650000000000000000e+01,3.049999999999999868e-04
3.100000000000000000e+01,-1.600000000000000000e+01,1.144999999999999967e-03
3.100000000000000000e+01,-1.550000000000000000e+01,3.895000000000000025e-03
3.100000000000000000e+01,-1.500000000000000000e+01,1.042000000000000044e-02
3.100000000000000000e+01,-1.450000000000000000e+01,2.453999999999999931e-02
3.100000000000000000e+01,-1.400000000000000000e+01,5.138000000000000206e-02
3.100000000000000000e+01,-1.350000000000000000e+01,9.641500000000000070e-02
3.100000000000000000e+01,-1.300000000000000000e+01,1.639500000000000124e-01
3.100000000000000000e+01,-1.250000000000000000e+01,2.541499999999999870e-01
3.100000000000000000e+01,-1.200000000000000000e+01,3.632349999999999746e-01
3.100000000000000000e+01,-1.150000000000000000e+01,4.812899999999999956e-01
3.100000000000000000e+01,-1.100000000000000000e+01,5.984850000000000447e-01
3.100000000000000000e+01,-1.050000000000000000e+01,7.064850000000000296e-01
3.100000000000000000e+01,-1.000000000000000000e+01,7.978300000000000392e-01
6.400000000000000000e+01,-3.000000000000000000e+01,0.000000000000000000e+00
6.400000000000000000e+01,-2.950000000000000000e+01,0.000000000000000000e+00
6.400000000000000000e+01,-2.900000000000000000e+01,0.000000000000000000e+00
6.400000000000000000e+01,-2.850000000000000000e+01,0.000000000000000000e+00
6.400000000000000000e+01,-2.800000000000000000e+01,0.000000000000000000e+00
6.400000000000000000e+01,-2.750000000000000000e+01,0.000000000000000000e+00
6.400000000000000000e+01,-2.700000000000000000e+01,0.000000000000000000e+00
6.400000000000000000e+01,-2.650000000000000000e+01,0.000000000000000000e+00
6.400000000000000000e+01,-2.600000000000000000e+01,0.000000000000000000e+00
6.400000000000000000e+01,-2.550000000000000000e+01,0.000000000000000000e+00
6.400000000000000000e+01,-2.500000000000000000e+01,0.000000000000000000e+00
6.400000000000000000e+01,-2.450000000000000000e+01,0.000000000000000000e+00
6.400000000000000000e+01,-2.400000000000000000e+01,0.000000000000000000e+00
6.400000000000000000e+01,-2.350000000000000000e+01,0.000000000000000000e+00
6.400000000000000000e+01,-2.300000000000000000e+01,0.000000000000000000e+00
6.400000000000000000e+01,-2.250000000000000000e+01,0.000000000000000000e+00
6.400000000000000000e+01,-2.200000000000000000e+01,0.000000000000000000e+00
6.400000000000000000e+01,-2.150000000000000000e+01,0.000000000000000000e+00
6.400000000000000000e+01,-2.100000000000000000e+01,0.000000000000000000e+00
6.400000000000000000e+01,-2.050000000000000000e+01,0.000000000000000000e+00
6.400000000000000000e+01,-2.000000000000000000e+01,0.000000000000000000e+00
6.400000000000000000e+01,-1.950000000000000000e+01,0.000000000000000000e+00
6.400000000000000000e+01,-1.900000000000000000e+01,0.000000000000000000e+00
6.400000000000000000e+01,-1.850000000000000000e+01,1.500000000000000038e-05
6.400000000000000000e+01,-1.800000000000000000e+01,1.050000000000000044e-04
6.400000000000000000e+01,-1.750000000000000000e+01,6.199999999999999999e-04
6.400000000000000000e+01,-1.700000000000000000e+01,2.670000000000000064e-03
6.400000000000000000e+01,-1.650000000000000000e+01,9.815000000000000807e-03
6.400000000000000000e+01,-1.600000000000000000e+01,2.824499999999999927e-02
6.400000000000000000e+01,-1.550000000000000000e+01,6.666999999999999316e-02
6.400000000000000000e+01,-1.500000000000000000e+01,1.351449999999999874e-01
6.400000000000000000e+01,-1.450000000000000000e+01,2.357150000000000079e-01
6.400000000000000000e+01,-1.400000000000000000e+01,3.623149999999999982e-01
6.400000000000000000e+01,-1.350000000000000000e+01,5.028949999999999809e-01
6.400000000000000000e+01,-1.300000000000000000e+01,6.390350000000000197e-01
6.400000000000000000e+01,-1.250000000000000000e+01,7.571200000000000152e-01
6.400000000000000000e+01,-1.200000000000000000e+01,8.485049999999999537e-01
6.400000000000000000e+01,-1.150000000000000000e+01,9.123200000000000198e-01
6.400000000000000000e+01,-1.100000000000000000e+01,9.536200000000000232e-01
6.400000000000000000e+01,-1.050000000000000000e+01,9.774850000000000483e-01
6.400000000000000000e+01,-1.000000000000000000e+01,9.899649999999999839e-01
1.280000000000000000e+02,-3.000000000000000000e+01,0.000000000000000000e+00
1.280000000000000000e+02,-2.950000000000000000e+01,0.000000000000000000e+00
1.280000000000000000e+02,-2.900000000000000000e+01,0.000000000000000000e+00
1.280000000000000000e+02,-2.850000000000000000e+01,0.000000000000000000e+00
1.280000000000000000e+02,-2.800000000000000000e+01,0.000000000000000000e+00
1.280000000000000000e+02,-2.750000000000000000e+01,0.000000000000000000e+00
1.280000000000000000e+02,-2.700000000000000000e+01,0.000000000000000000e+00
1.280000000000000000e+02,-2.650000000000000000e+01,0.000000000000000000e+00
1.280000000000000000e+02,-2.600000000000000000e+01,0.000000000000000000e+00
1.280000000000000000e+02,-2.550000000000000000e+01,0.000000000000000000e+00
1.280000000000000000e+02,-2.500000000000000000e+01,0.000000000000000000e+00
1.280000000000000000e+02,-2.450000000000000000e+01,0.000000000000000000e+00
1.280000000000000000e+02,-2.400000000000000000e+01,0.000000000000000000e+00
1.280000000000000000e+02,-2.350000000000000000e+01,0.000000000000000000e+00
1.280000000000000000e+02,-2.300000000000000000e+01,0.000000000000000000e+00
1.280000000000000000e+02,-2.250000000000000000e+01,0.000000000000000000e+00
1.280000000000000000e+02,-2.200000000000000000e+01,0.000000000000000000e+00
1.280000000000000000e+02,-2.150000000000000000e+01,0.000000000000000000e+00
1.280000000000000000e+02,-2.100000000000000000e+01,0.000000000000000000e+00
1.280000000000000000e+02,-2.050000000000000000e+01,0.000000000000000000e+00
1.280000000000000000e+02,-2.000000000000000000e+01,5.000000000000000409e-06
1.280000000000000000e+02,-1.950000000000000000e+01,6.999999999999999387e-05
1.280000000000000000e+02,-1.900000000000000000e+01,6.949999999999999798e-04
1.280000000000000000e+02,-1.850000000000000000e+01,4.015000000000000339e-03
1.280000000000000000e+02,-1.800000000000000000e+01,1.722999999999999879e-02
1.280000000000000000e+02,-1.750000000000000000e+01,5.202999999999999986e-02
1.280000000000000000e+02,-1.700000000000000000e+01,1.250300000000000022e-01
1.280000000000000000e+02,-1.650000000000000000e+01,2.424900000000000111e-01
1.280000000000000000e+02,-1.600000000000000000e+01,3.958949999999999969e-01
1.280000000000000000e+02,-1.550000000000000000e+01,5.607799999999999452e-01
1.280000000000000000e+02,-1.500000000000000000e+01,7.086999999999999966e-01
1.280000000000000000e+02,-1.450000000000000000e+01,8.243599999999999817e-01
1.280000000000000000e+02,-1.400000000000000000e+01,9.034649999999999626e-01
1.280000000000000000e+02,-1.350000000000000000e+01,9.517799999999999594e-01
1.280000000000000000e+02,-1.300000000000000000e+01,9.785300000000000109e-01
1.280000000000000000e+02,-1.250000000000000000e+01,9.911999999999999700e-01
1.280000000000000000e+02,-1.200000000000000000e+01,9.967099999999999849e-01
1.280000000000000000e+02,-1.150000000000000000e+01,9.988850000000000229e-01
1.280000000000000000e+02,-1.100000000000000000e+01,9.997000000000000330e-01
1.280000000000000000e+02,-1.050000000000000000e+01,9.999449999999999728e-01
1.280000000000000000e+02,-1.000000000000000000e+01,9.999949999999999672e-01
2.560000000000000000e+02,-3.000000000000000000e+01,0.000000000000000000e+00
2.560000000000000000e+02,-2.950000000000000000e+01,0.000000000000000000e+00
2.560000000000000000e+02,-2.900000000000000000e+01,0.000000000000000000e+00
2.560000000000000000e+02,-2.850000000000000000e+01,0.000000000000000000e+00
2.560000000000000000e+02,-2.800000000000000000e+01,0.000000000000000000e+00
2.560000000000000000e+02,-2.750000000000000000e+01,0.000000000000000000e+00
2.560000000000000000e+02,-2.700000000000000000e+01,0.000000000000000000e+00
2.560000000000000000e+02,-2.650000000000000000e+01,0.000000000000000000e+00
2.560000000000000000e+02,-2.600000000000000000e+01,0.000000000000000000e+00
2.560000000000000000e+02,-2.550000000000000000e+01,0.000000000000000000e+00
2.560000000000000000e+02,-2.500000000000000000e+01,0.000000000000000000e+00
2.560000000000000000e+02,-2.450000000000000000e+01,0.000000000000000000e+00
2.560000000000000000e+02,-2.400000000000000000e+01,0.000000000000000000e+00
2.560000000000000000e+02,-2.350000000000000000e+01,0.000000000000000000e+00
2.560000000000000000e+02,-2.300000000000000000e+01,0.000000000000000000e+00
2.560000000000000000e+02,-2.250000000000000000e+01,0.000000000000000000e+00
2.560000000000000000e+02,-2.200000000000000000e+01,0.000000000000000000e+00
2.560000000000000000e+02,-2.150000000000000000e+01,1.500000000000000038e-05
2.560000000000000000e+02,-2.100000000000000000e+01,2.700000000000000035e-04
2.560000000000000000e+02,-2.050000000000000000e+01,2.690000000000000117e-03
2.560000000000000000e+02,-2.000000000000000000e+01,1.494499999999999995e-02
2.560000000000000000e+02,-1.950000000000000000e+01,5.709999999999999798e-02
2.560000000000000000e+02,-1.900000000000000000e+01,1.529899999999999871e-01
2.560000000000000000e+02,-1.850000000000000000e+01,3.084049999999999847e-01
2.560000000000000000e+02,-1.800000000000000000e+01,4.961800000000000099e-01
2.560000000000000000e+02,-1.750000000000000000e+01,6.717100000000000293e-01
2.560000000000000000e+02,-1.700000000000000000e+01,8.102150000000000185e-01
2.560000000000000000e+02,-1.650000000000000000e+01,9.023200000000000109e-01
2.560000000000000000e+02,-1.600000000000000000e+01,9.547149999999999803e-01
2.560000000000000000e+02,-1.550000000000000000e+01,9.806200000000000472e-01
2.560000000000000000e+02,-1.500000000000000000e+01,9.928350000000000231e-01
2.560000000000000000e+02,-1.450000000000000000e+01,9.976850000000000440e-01
2.560000000000000000e+02,-1.400000000000000000e+01,9.993999999999999551e-01
2.560000000000000000e+02,-1.350000000000000000e+01,9.998299999999999965e-01
2.560000000000000000e+02,-1.300000000000000000e+01,9.999400000000000510e-01
2.560000000000000000e+02,-1.250000000000000000e+01,9.999850000000000128e-01
2.560000000000000000e+02,-1.200000000000000000e+01,1.000000000000000000e+00
2.560000000000000000e+02,-1.150000000000000000e+01,1.000000000000000000e+00
2.560000000000000000e+02,-1.100000000000000000e+01,1.000000000000000000e+00
2.560000000000000000e+02,-1.050000000000000000e+01,1.000000000000000000e+00
2.560000000000000000e+02,-1.000000000000000000e+01,1.000000000000000000e+00
