K,method,peak_xcorr_worst,mean_xcorr,zero_lag_worst,window_peak_worst,worst_psl_db,total_isl,isl_bound,sec
2,iid_random,0.2298815154401992,0.07381706659279276,0.10451650980115941,0.174259262596634,-12.432501585861901,16161.09388960749,8192.0,0.0
2,iid_CAN,0.2412898400080771,0.07455260253880908,0.11869514984418389,0.18292138694507046,-23.82558779815791,8825.926822828358,8192.0,0.05201745827992757
2,MultiCAN,0.1824468057505397,0.06303731300723882,0.07645100377250817,0.12678222977552162,-18.639020194864578,8198.14976294616,8192.0,0.07869208653767903
2,windowGD,0.25337756996940874,0.07187581695245315,0.0008458488383968798,0.0013452846740557333,-21.21134146714685,9324.316267140837,8192.0,0.12815206050872802
4,iid_random,0.27713597623204383,0.07473221434778472,0.17376526554796462,0.2474752369395597,-12.058639100275363,65108.531417641076,49152.0,0.0
4,iid_CAN,0.2896706409997131,0.07447615720169784,0.20163703201162264,0.2536750664931106,-22.892076042504094,50389.586581071126,49152.0,0.12022751172383626
4,MultiCAN,0.24608731562746533,0.06785773591274061,0.14517075113754235,0.20222585713793687,-14.84667114908155,49152.18302505345,49152.0,0.09988578955332438
4,windowGD,0.29509359635211485,0.07216925601933558,0.0011353550847883471,0.0017630455814749587,-19.331302619769723,52119.072582547575,49152.0,0.5012707551320393
8,iid_random,0.31870259876542667,0.07437941792861497,0.2511208353058574,0.29991756311516404,-11.503984865530555,259805.88587925752,229376.0,0.0
8,iid_CAN,0.324616179602106,0.07453485884688821,0.25679370091235326,0.30609115243805984,-22.754963970213858,231878.52720266077,229376.0,0.24892772833506266
8,MultiCAN,0.28804925793551023,0.0708572752118221,0.21894627400884673,0.2574611971299902,-12.789112526995268,229376.00788405834,229376.0,0.1293127457300822
8,windowGD,0.3377506271240334,0.07110378751033698,0.0034986662316640912,0.004868633607493169,-15.992747530734706,235979.0406356709,229376.0,1.953366255760193
