method,N,K,sec,iters
CAN,64,1,0.044208801999991464,615.5
CAN,128,1,0.02937722509998366,400.0
CAN,256,1,0.10596605350000346,1045.8
CAN,512,1,0.2215363102000083,1398.4
CAN,1024,1,0.4771063682000204,1643.6
CAN,2048,1,1.4306080236999947,2679.7
MultiCAN,64,2,0.24751722500000142,5000.0
MultiCAN,64,4,0.26372367980000033,4010.4
MultiCAN,64,8,0.13273250219997407,1563.2
MultiCAN,64,16,0.14508587819998411,1158.0
MultiCAN,256,2,0.44824281120004345,5000.0
MultiCAN,256,4,0.6776705312000331,5000.0
MultiCAN,256,8,1.1570901357999674,5000.0
MultiCAN,256,16,1.7910176778000277,4048.8
