N,T,method,n,seconds,frac_success,distinct,distinct_per_sec_4thread_equiv
64,5,policy+prune,4000,2.6992366313934326,0.00025,1,0.3704751144710747
64,5,random+prune,4000,0.09122014045715332,0.0,0,0.0
64,5,shotgun,393,10.79694652557373,0.14249363867684478,56,20.74660641038018
64,6,policy+prune,4000,2.368934392929077,0.0045,18,7.598353104977229
64,6,random+prune,4000,0.14081478118896484,0.0,0,0.0
64,6,shotgun,333,9.475737571716309,1.0,333,140.56953244207872
80,5,policy+prune,4000,3.0260531902313232,0.0,0,0.0
80,5,random+prune,4000,0.12304162979125977,0.0,0,0.0
80,5,shotgun,325,12.104212760925293,0.0,0,0.0
80,6,policy+prune,4000,2.881890296936035,0.0,0,0.0
80,6,random+prune,4000,0.1216742992401123,0.0,0,0.0
80,6,shotgun,312,11.52756118774414,0.20192307692307693,63,21.860651693432004
96,6,policy+prune,4000,3.9442601203918457,0.0,0,0.0
96,6,random+prune,4000,0.18431806564331055,0.0,0,0.0
96,6,shotgun,329,15.777040481567383,0.0,0,0.0
96,7,policy+prune,4000,3.9799928665161133,0.0,0,0.0
96,7,random+prune,4000,0.18920350074768066,0.0,0,0.0
96,7,shotgun,321,15.919971466064453,0.5109034267912772,164,41.206104005798736
