N,T,ordering,solutions,seconds,nodes,first_nodes,first_seconds
20,2,lexicographic,3,8.495676755905151,182083,4236,0.2047123908996582
20,2,random,3,8.597103118896484,182083,14965,0.724520206451416
20,2,policy,3,57.75616240501404,182083,11589,3.7264835834503174
24,3,lexicographic,20,1.1101183891296387,26293,8348,0.35168886184692383
24,3,random,20,0.8945820331573486,19884,510,0.0237579345703125
24,3,policy,20,3.7826578617095947,11924,1756,0.5546450614929199
28,3,lexicographic,20,11.288639068603516,253418,78486,3.4886741638183594
28,3,random,20,18.599928855895996,409553,208,0.010442495346069336
28,3,policy,20,58.035752058029175,184760,28,0.018052339553833008
32,3,lexicographic,13,120.00012397766113,2761800,730667,32.053579807281494
32,3,random,9,120.0000479221344,2622273,298475,13.698020458221436
32,3,policy,6,120.0003092288971,380809,55676,17.828529119491577
36,3,lexicographic,0,120.00001072883606,2717639,None,None
36,3,random,2,120.0000102519989,2558636,402632,18.987096309661865
36,3,policy,0,120.00070405006409,383047,None,None
