N,T,method,n_or_restarts,distinct,in_train,new,seconds,new_per_sec
22,3,policy,1679,242,184,58,12.585406303405762,4.608512319884699
22,3,shotgun,2149,146,144,2,12.585406303405762,0.1589142179270586
24,3,policy,2281,280,188,92,13.848765850067139,6.6431912414458205
24,3,shotgun,1876,234,227,7,13.848765850067139,0.5054602031534864
26,3,policy,1063,95,95,0,13.930806159973145,0.0
26,3,shotgun,1923,202,202,0,13.930806159973145,0.0
30,3,policy,5,4,0,4,17.194032430648804,0.23263885398226292
30,3,shotgun,2322,78,0,78,17.194032430648804,4.536457652654127
32,3,policy,5,4,4,0,17.315472841262817,0.0
32,3,shotgun,2178,287,287,0,17.315472841262817,0.0
