family,param,kl_nats,E_cost,E_psl_db,ess_or_kept,detector_auc
tilt,0,0.0,1.3907654285430908,-9.556500434875488,100000.0,0.5013102293014526
tilt,5,0.9401166439056396,0.843037486076355,-11.554030418395996,24597.177734375,0.6096932291984558
tilt,10,2.1457085609436035,0.6762362718582153,-12.520317077636719,4637.9267578125,0.6453834772109985
tilt,20,4.500705718994141,0.5122265219688416,-13.643177032470703,227.05319213867188,0.732804000377655
tilt,40,8.299415588378906,0.3775829076766968,-14.843766212463379,5.809981346130371,0.918556272983551
tilt,80,11.016915321350098,0.32544007897377014,-15.672987937927246,1.2055824995040894,0.9983850121498108
tilt,160,11.498160362243652,0.3205007314682007,-15.793471336364746,1.0033717155456543,0.9998130202293396
tilt,320,11.512909889221191,0.3204190135002136,-15.79551887512207,1.0000019073486328,1.0
truncation,1.0,0.0,1.3907654285430908,-9.556500434875488,100000.0,0.5012949705123901
truncation,0.5,0.6931471805599453,0.9831228852272034,-10.783129692077637,50000.0,0.5736274719238281
truncation,0.2,1.6094378975329393,0.805290699005127,-11.655885696411133,20000.0,0.6280447244644165
truncation,0.1,2.3025850780928847,0.7210115790367126,-12.168251037597656,10000.0,0.6406137347221375
truncation,0.05,2.99573225865283,0.6566327810287476,-12.599668502807617,5000.0,0.6578937768936157
truncation,0.02,3.912023027779888,0.590090811252594,-13.087491989135742,2000.0,0.6750772595405579
truncation,0.01,4.605170208339834,0.5489993691444397,-13.390668869018555,1000.0,0.6939719915390015
truncation,0.005,5.298317388899779,0.5131487250328064,-13.617029190063477,500.0,0.7251434922218323
