sampler,beta,kl_to_background_nats,E_cost,E_psl_db,detector_auc,kl_to_gibbs_nats,ms_per_frame
MCMC,0,0.0,1.3854132890701294,-9.568127632141113,0.5,nan,nan
MCMC,5,1.3580909371376038,0.8421769142150879,-11.552735328674316,0.6000699996948242,nan,nan
MCMC,10,2.6302894949913025,0.6725504398345947,-12.51820182800293,0.6584067344665527,nan,nan
MCMC,20,4.8497843742370605,0.5245841145515442,-13.594088554382324,0.6814774870872498,nan,nan
MCMC,40,5.696678459644318,0.4963543117046356,-13.76694107055664,0.679087221622467,nan,nan
MCMC,80,4.328278005123138,0.5191609859466553,-13.567666053771973,0.6845982670783997,nan,nan
MCMC,160,2.3028668761253357,0.536039412021637,-13.413662910461426,0.6886155009269714,nan,nan
VAN,10,1.0845717621927342,1.02481210231781,-10.997720718383789,0.6935087442398071,1.9768972231035313,0.03561127185821533
VAN,40,17.685645027268418,0.3720468282699585,-15.370193481445312,0.9918755292892456,7.016666276562699,0.03373029828071594
VAN,160,22.296342296708115,0.35160550475120544,-14.731635093688965,0.9999865293502808,-9.515950219523418,0.03547742962837219
