name,nfe,psl_median_db,psl_mean_db,frac_le_m25dB,nn_dist_to_train
train,0,-27.47414779663086,-27.290552139282227,0.9300000071525574,10.811498641967773
held-out,0,-27.511188507080078,-27.30411148071289,0.9235000014305115,10.81957721710205
Haar,0,-13.57569694519043,-13.486422538757324,0.0,10.927672386169434
FM nfe=1,1,-13.557050704956055,-13.482239723205566,0.0,10.922911643981934
FM nfe=2,2,-13.607783317565918,-13.520330429077148,0.0,10.92561149597168
FM nfe=4,4,-13.461771965026855,-13.400375366210938,0.0,10.924628257751465
FM nfe=8,8,-13.414502143859863,-13.411250114440918,0.0,10.924609184265137
FM nfe=16,16,-13.531167984008789,-13.496034622192383,0.0,10.940546989440918
FM nfe=32,32,-13.51007080078125,-13.451766014099121,0.0,10.934093475341797
