lr,steps,psl_median_db,psl_mean_db,frac_le_m25dB,ms_per_code_cumulative
0.03,1,-13.943501472473145,-13.86900806427002,0.0,0.022159099578857422
0.03,2,-14.30695915222168,-14.235995292663574,0.0,0.038381099700927734
0.03,4,-14.999409675598145,-14.933841705322266,0.0,0.06808352470397949
0.03,8,-16.23474884033203,-16.13687515258789,0.0,0.12013578414916992
0.03,16,-17.950971603393555,-17.889190673828125,0.0,0.23439550399780273
0.03,32,-19.847095489501953,-19.81719398498535,0.0,0.4359772205352783
0.03,64,-21.83974838256836,-21.759214401245117,0.0020000000949949026,0.7981481552124023
0.03,128,-23.46510124206543,-23.42640495300293,0.1120000034570694,1.5908148288726807
0.03,256,-24.640335083007812,-24.607011795043945,0.3919999897480011,3.2396230697631836
0.1,1,-14.698221206665039,-14.665434837341309,0.0,0.01601886749267578
0.1,2,-15.735058784484863,-15.723799705505371,0.0,0.03210735321044922
0.1,4,-17.298179626464844,-17.24306297302246,0.0,0.05984354019165039
0.1,8,-18.74233627319336,-18.703880310058594,0.0,0.11185383796691895
0.1,16,-20.43309211730957,-20.330049514770508,0.0,0.21248126029968262
0.1,32,-22.10824966430664,-22.083271026611328,0.006000000052154064,0.4118223190307617
0.1,64,-23.755386352539062,-23.681446075439453,0.16899999976158142,0.7963249683380127
0.1,128,-24.88983917236328,-24.775737762451172,0.45399999618530273,1.6502368450164795
0.1,256,-25.44580841064453,-25.331878662109375,0.6320000290870667,3.3497331142425537
0.3,1,-16.15815544128418,-16.10189437866211,0.0,0.022380352020263672
0.3,2,-17.407024383544922,-17.329490661621094,0.0,0.040766000747680664
0.3,4,-18.39804458618164,-18.351837158203125,0.0,0.07074880599975586
0.3,8,-19.647829055786133,-19.612634658813477,0.0,0.11980128288269043
0.3,16,-21.425525665283203,-21.34978675842285,0.0010000000474974513,0.2136690616607666
0.3,32,-23.356306076049805,-23.315486907958984,0.08900000154972076,0.4316258430480957
0.3,64,-24.78057098388672,-24.68531036376953,0.4320000112056732,0.8776373863220215
0.3,128,-25.395572662353516,-25.333145141601562,0.6269999742507935,1.6867918968200684
0.3,256,-25.57049560546875,-25.538570404052734,0.6690000295639038,3.4461209774017334
