M,method,psl_mean_db,psl_best_db,psl_median_db,ms_per_code
2,random,-11.766910127016551,-15.295745776513241,-12.041199826559248,0.0
2,CAN+quant,-13.528156834577572,-17.038749290891246,-13.201038766112983,0.03802378972371419
2,CD from random,-17.776755327555566,-20.56057447200487,-17.550274515365057,17.466501394907635
2,CD from CAN+quant,-18.283077567830688,-20.56057447200487,-18.06179973983887,16.45694176355998
2,continuous CAN,-24.57739059223903,-28.198480874775807,-24.897666583056633,57.696823279062905
4,random,-13.575055757832262,-16.629699413228614,-13.781124357142396,0.0
4,CAN+quant,-17.695494625998144,-20.808810309255193,-17.79851035261538,0.03804365793863932
4,CD from random,-19.84360848681714,-22.14419939295737,-19.995760912480385,61.837903658548996
4,CD from CAN+quant,-20.067597053370726,-22.14419939295736,-20.102999566398122,46.89383506774902
4,continuous CAN,-24.631033745218776,-27.792655060906167,-24.724325415746822,62.10641463597615
8,random,-13.233193311672073,-16.01948010078258,-13.119719254730011,0.0
8,CAN+quant,-21.93265927633147,-24.54825122580899,-21.94042461188213,0.03713766733805339
8,CD from random,-21.84293973901851,-23.9076696236668,-21.853947517389102,164.2675280570984
8,CD from CAN+quant,-22.918041324156118,-25.149388583585612,-23.037671563233943,94.66215769449869
8,continuous CAN,-24.572710604561614,-26.55880975473268,-24.672692073227253,57.69906838734944
